{"single": {"perf": {"altBaseline - Avg(24)": [0.09499688446521759, 0.2552611529827118], "Linear 24 to 1": [0.07346738874912262, 0.2347327023744583], "altBaseline - Last(1)": [0.012481081299483776, 0.08128398656845093], "Linear 1": [0.008329096250236034, 0.06265772134065628], "Dense": [0.001426952425390482, 0.02856644243001938]}, "val_perf": {"altBaseline - Avg(24)": [0.10219626128673553, 0.26676443219184875], "Linear 24 to 1": [0.07852251082658768, 0.24470241367816925], "altBaseline - Last(1)": [0.01331727858632803, 0.08305124193429947], "Linear 1": [0.00901192706078291, 0.06597168743610382], "Dense": [0.002016795566305518, 0.032427892088890076]}}, "multistep": {"perf": {"Linear multistep": [0.014188472181558609, 0.07535602152347565], "Dense - Multistep": [0.009790468961000443, 0.061547212302684784]}, "val_perf": {"Linear multistep": [0.018187174573540688, 0.0876929759979248], "Dense - Multistep": [0.014432420954108238, 0.07546141743659973]}}, "multi-output": {"perf": {"Linear MultiOutput": [0.00433759018778801, 0.03789009898900986], "Linear MultiOutput Multistep": [0.004306384362280369, 0.036294568330049515], "Dense - MultiOutput": [0.0010476511670276523, 0.021729256957769394]}, "val_perf": {"Linear MultiOutput": [0.004707439802587032, 0.039579011499881744], "Linear MultiOutput Multistep": [0.004655767232179642, 0.038232605904340744], "Dense - MultiOutput": [0.0014385876711457968, 0.025000421330332756]}}}